{
  "mIoU": 0.6789664381622855,
  "Dice": 0.7164321709952862,
  "MAE": 0.5262648658744059
}