{
  "mIoU": 0.8223078751510584,
  "Dice": 0.867112726148835,
  "MAE": 0.5511737727001839
}