{
  "mIoU": 0.8022236099586889,
  "Dice": 0.8433712592530822,
  "MAE": 0.4017869988456009
}