{
  "mIoU": 0.6235815432415679,
  "Dice": 0.6541845857854921,
  "MAE": 1.542235958007973
}