{
  "mIoU": 0.7384689422628551,
  "Dice": 0.8125811112289252,
  "MAE": 2.521096078211782
}