{
  "mIoU": 0.6796705029469543,
  "Dice": 0.7454572440965077,
  "MAE": 2.1299514558253576
}