{
  "mIoU": 0.7762506167773053,
  "Dice": 0.8419835927700525,
  "MAE": 1.9029729744760338
}