{
  "mIoU": 0.7165194019333542,
  "Dice": 0.7735079068877041,
  "MAE": 1.6527032918212703
}