{
  "mIoU": 0.6441374972748084,
  "Dice": 0.6769011290353191,
  "MAE": 1.6590605460046306
}