{
  "mIoU": 0.7828841238225102,
  "Dice": 0.8217836100259804,
  "MAE": 2.288946194953051
}