{
  "mIoU": 0.6933368294790181,
  "Dice": 0.7491142249158099,
  "MAE": 1.2028698122664656
}