{
  "mIoU": 0.7664699158516262,
  "Dice": 0.8293526344796052,
  "MAE": 1.3324337389828742
}