{
  "mIoU": 0.747042206825455,
  "Dice": 0.794808039495545,
  "MAE": 1.1885066115166014
}