{
  "mIoU": 0.6734051611379053,
  "Dice": 0.7094203005999858,
  "MAE": 0.5041397007645146
}