{
  "mIoU": 0.8196291625098784,
  "Dice": 0.8645127029450721,
  "MAE": 0.6227625724768077
}