{
  "mIoU": 0.8341103989776739,
  "Dice": 0.873085097196936,
  "MAE": 0.37010846473667425
}