{
  "mIoU": 0.6669418673750022,
  "Dice": 0.6980099527242063,
  "MAE": 0.3484057120309553
}