{
  "mIoU": 0.8046931231595529,
  "Dice": 0.8597773570424488,
  "MAE": 1.3900463800486584
}