{
  "mIoU": 0.7356182942583577,
  "Dice": 0.7854801780902992,
  "MAE": 1.19482864201487
}