{
  "mIoU": 0.5061703610852618,
  "Dice": 0.5889059343020814,
  "MAE": 6.262668377467787
}