{
  "mIoU": 0.5022283638797909,
  "Dice": 0.5574008026455384,
  "MAE": 6.691867167443259
}