{
  "mIoU": 0.40656673237858404,
  "Dice": 0.4546274676775173,
  "MAE": 5.766287438756044
}