{
  "mIoU": 0.7429443909022283,
  "Dice": 0.8155962085971998,
  "MAE": 2.3964357345821896
}