{
  "mIoU": 0.6867319106519432,
  "Dice": 0.7505616233472594,
  "MAE": 2.0218454130012704
}