{
  "mIoU": 0.7370119724941592,
  "Dice": 0.7892226702406864,
  "MAE": 3.038347594333246
}