{
  "mIoU": 0.6006970960768816,
  "Dice": 0.6440237911703068,
  "MAE": 2.4088894889175108
}