{
  "mIoU": 0.6632191661142438,
  "Dice": 0.7413665954653287,
  "MAE": 3.17951630758692
}