{
  "mIoU": 0.5608265257423236,
  "Dice": 0.6284195237618451,
  "MAE": 5.916185945487656
}