{
  "mIoU": 0.6840919594949117,
  "Dice": 0.751743400716134,
  "MAE": 2.6569455105692024
}