{
  "mIoU": 0.5852585589190235,
  "Dice": 0.6428104874333519,
  "MAE": 5.42737535645833
}