{
  "mIoU": 0.5733180303796487,
  "Dice": 0.646914040776726,
  "MAE": 5.725247828118627
}