{
  "mIoU": 0.6715243473458103,
  "Dice": 0.7560953213002166,
  "MAE": 3.004111479826902
}