{
  "mIoU": 0.801932559220196,
  "Dice": 0.8575662445468705,
  "MAE": 1.3433393027230864
}