{
  "mIoU": 0.7342076239428018,
  "Dice": 0.7845082708866212,
  "MAE": 1.150897974424867
}