{
  "mIoU": 0.7710279919451987,
  "Dice": 0.8295334605589192,
  "MAE": 1.4999973120788126
}