{
  "mIoU": 0.6123740645056899,
  "Dice": 0.6628936370517943,
  "MAE": 1.3931733860263649
}