{
  "mIoU": 0.6965958958914865,
  "Dice": 0.7608771927668575,
  "MAE": 1.9802410656535552
}