{
  "mIoU": 0.6505493999133017,
  "Dice": 0.6913181332347046,
  "MAE": 0.8153443841676647
}