{
  "mIoU": 0.7998927196800363,
  "Dice": 0.8531157119360436,
  "MAE": 1.074964939100432
}